time,bnorm,group1_flux,group1diff,group2_flux,group3_flux,group4_flux,powernorm,temp_ave,temp_max,tot_fissions,Executioner/eigenvalue
0,1.4000000000002,0,3.2222037945293,0,0,0,1.7771031851832e-11,0,0,0.57423236619037,1.4
1,1.3906958409556,0.050502216833517,1.0400587505786,0.047634719928795,0.019023647372658,0.088132807958847,1.7655064928674e-11,965.02160712302,1061.2449978697,0.57049840068604,1.3906958409554
2,1.3906958409556,0.050502216833517,0,0.047634719928795,0.019023647372658,0.088132807958847,1.7655064928674e-11,965.02160712302,1061.2449978697,0.57049840068604,1.3906958409556
3,2.0655951810266e+15,75010748324945,3.2789481256744e+15,70751666206795,28255750237601,1.309033205169e+14,26223,965.02160712302,1061.2449978697,8.4735907920072e+14,1.3906958409556
