time,bnorm,group1_flux,group1diff,group2_flux,group3_flux,group4_flux,powernorm,temp_ave,temp_max,tot_fissions,Executioner/eigenvalue
0,1.4,0,3.0779181915116,0,0,0,1.7771351544733e-11,0,0,0.57424477815869,1.4
1,1.4027389625914,0.050609617165161,0.89403187472555,0.047649820506764,0.019024045577975,0.084116742471251,1.7807955863318e-11,965.02048579881,1061.5991356775,0.57543903202511,1.4027389625914
2,1.4027389625914,0.050609617165161,0,0.047649820506764,0.019024045577975,0.084116742471251,1.7807955863318e-11,965.02048579881,1061.5991356775,0.57543903202511,1.4027389625914
3,2.0655949564545e+15,74524892194717,3.2576840262436e+15,70166461144636,28013745711201,1.2386561123319e+14,26223,965.02048579881,1061.5991356775,8.4735934054497e+14,1.4027389625914
