time,bnorm,group1_flux,group1diff,group2_flux,group3_flux,group4_flux,powernorm,temp_ave,temp_max,tot_fissions,Executioner/eigenvalue
0,1.4,0,3.0779181915117,0,0,0,1.7771351544732e-11,0,0,0.57424477815867,1.4
1,1.4027038219204,0.050610312484231,0.89397137226105,0.047649833152593,0.019023128089777,0.084099894779615,1.7807511355796e-11,962.85430443844,1048.9408079604,0.57542467635833,1.4027038219204
2,1.4027038219204,0.050610312484231,0,0.047649833152593,0.019023128089777,0.084099894779615,1.7807511355796e-11,962.85430443844,1048.9408079604,0.57542467635833,1.4027038219204
3,2.0655947699422e+15,74527776383645,3.2577913825948e+15,70168231247750,28013093909152,1.2384389355383e+14,26223,962.85430443844,1048.9408079604,8.4735935227879e+14,1.4027038219204
