time,bnorm,group1_flux,group1diff,group2_flux,group3_flux,group4_flux,powernorm,temp_ave,temp_max,tot_fissions,Executioner/eigenvalue
0,1.4,0,3.0779181915122,0,0,0,1.7771351544733e-11,0,0,0.57424477815873,1.4
1,1.4027364818543,0.050609757229101,0.89401983230316,0.047649822064978,0.019023899274978,0.084113680390958,1.7807924715581e-11,963.94760170984,1057.4033364672,0.57543802725581,1.4027364818543
2,1.4027364818543,0.050609757229101,0,0.047649822064978,0.019023899274978,0.084113680390958,1.7807924715581e-11,963.94760170984,1057.4033364672,0.57543802725581,1.4027364818543
3,2.0655949163735e+15,74525228796454,3.2576950554746e+15,70166586166927,28013579271888,1.2386131882971e+14,26223,963.94760170984,1057.4033364672,8.4735934308653e+14,1.4027364818543
