time,bnorm,group1_flux,group1diff,group2_flux,group3_flux,group4_flux,powernorm,temp_ave,temp_max,tot_fissions,Executioner/eigenvalue
0,1.4,0,3.0779181915118,0,0,0,1.7771351544732e-11,0,0,0.57424477815868,1.4
1,1.4026659658151,0.050612477780856,0.893784057553,0.047649862759167,0.019020902977331,0.084053483196425,1.7807036054238e-11,960.61851773935,1040.9280091175,0.57540934406627,1.4026659658151
2,1.4026656821318,0.05061246994787,1.4676423748699e-05,0.04764986368718,0.019020903417767,0.084053471143309,1.7807032449047e-11,960.61883127168,1040.9309517866,0.57540922754966,1.4026656821318
3,2.065594157128e+15,74532957877213,3.2579607402448e+15,70170163335428,28010571202772,1.237788598464e+14,26223,960.61883127168,1040.9309517866,8.4735939113999e+14,1.4026656821318
