time,bnorm,group1_flux,group1diff,group2_flux,group3_flux,group4_flux,powernorm,temp_ave,temp_max,tot_fissions,Executioner/eigenvalue
0,1.4,0,3.0779272741847,0,0,0,1.7771351544733e-11,0,0,0.57424477815869,1.4
1,1.4027376845842,0.05060942509088,0.89404260652611,0.047649654736348,0.019023990914476,0.084116693879724,1.7807939655192e-11,966.01151890542,1063.9652358361,0.57543850837433,1.4027376845842
2,1.4027376845842,0.05060942509088,0,0.047649654736348,0.019023990914476,0.084116693879724,1.7807939655192e-11,966.01151890542,1063.9652358361,0.57543850837433,1.4027376845842
3,2.0655949545587e+15,74524677186404,3.2576842825549e+15,70166280903074,28013690713786,1.2386565241784e+14,26223,966.01151890542,1063.9652358361,8.473593406804e+14,1.4027376845842
